{"_id":"post_f854b541-c82b-5ba7-b6d2-0ef60ea6387f","doc_type":"post","post_id":"f854b541-c82b-5ba7-b6d2-0ef60ea6387f","user_id":592,"post_date":1509392082527,"post":"Assumenda autem dolorum ut sit voluptate esse ut saepe. Mollitia consequatur nihil eaque nihil rerum odit. Quo qui consectetur voluptas. Repellendus veritatis quo et cupiditate quis. Animi earum magni officia cumque quas repudiandae.","views":1,"visibility":"private","post_access":[592,469,293,994,446,278,938,332,874,458,111,495,408,659,538,987,159]}