{"_id":"post_d7b4323c-441c-5f46-95b9-8abd93df44ab","doc_type":"post","post_id":"d7b4323c-441c-5f46-95b9-8abd93df44ab","user_id":804,"post_date":1509435507232,"post":"Sit occaecati facilis voluptate. Quia reiciendis perspiciatis omnis accusamus aperiam dolores assumenda. Aut voluptates porro vero placeat non quis corrupti voluptatem mollitia. Dolores aliquid et ut dolorem eligendi et. Explicabo magni ullam ducimus.","views":4,"visibility":"private","post_access":[804,358,737,868,984,416,503,270,513,289,985,586,162,682,323,424,645,885,177,427,585,633,141,397,396,817,963,103,57,520,986,777,500,805,411,671]}