{"_id":"post_64a18d7c-23b6-535e-be84-3870dc4c7de6","doc_type":"post","post_id":"64a18d7c-23b6-535e-be84-3870dc4c7de6","user_id":87,"post_date":1482269260588,"post":"Tenetur a fuga ipsum rerum facere. Eius nisi modi ab. Tenetur nemo alias quo eaque amet itaque enim. Qui modi quae aut neque incidunt. Illo quam atque quia recusandae temporibus et maxime aspernatur.","views":3,"visibility":"private","post_access":[87,733,477,15,754,160,393,799,990,852,596,710,959,507,244,330,636,88,699,624,766,413,723,233,805,448,931,140,929,308,512,881,323,260,68,107,669,237,631,921,972,364,935,502,341]}