{"_id":"post_e503b1ef-d889-5eb0-a71b-59f781a31192","doc_type":"post","post_id":"e503b1ef-d889-5eb0-a71b-59f781a31192","user_id":262,"post_date":1498731537056,"post":"Molestiae saepe perspiciatis qui fuga nobis voluptatem eligendi. Et doloribus esse in aut suscipit et eos facere. At itaque voluptates amet asperiores nulla voluptatem. Vel dolore quia nisi velit aliquam ipsum. Nesciunt tempora aut sapiente dignissimos.","views":5,"visibility":"private","post_access":[262,137,882,616,81,415,979,317]}