{"_id":"user_708_friends","doc_type":"user-friends","user_id":708,"friends":[{"user_id":525,"date_friended":1509437919049},{"user_id":26,"date_friended":1509382395397},{"user_id":821,"date_friended":1491027398499},{"user_id":771,"date_friended":1509375225638},{"user_id":282,"date_friended":1509425478974},{"user_id":366,"date_friended":1509397129516},{"user_id":362,"date_friended":1509453853217},{"user_id":930,"date_friended":1509431256986},{"user_id":498,"date_friended":1478228706259},{"user_id":907,"date_friended":1492742090806},{"user_id":228,"date_friended":1509044810546},{"user_id":996,"date_friended":1509405563066},{"user_id":776,"date_friended":1480116275832},{"user_id":345,"date_friended":1509429391109},{"user_id":301,"date_friended":1509439825599},{"user_id":830,"date_friended":1508574734531},{"user_id":201,"date_friended":1478388027200},{"user_id":569,"date_friended":1509399847060},{"user_id":779,"date_friended":1491341811286},{"user_id":295,"date_friended":1509395372353},{"user_id":651,"date_friended":1500775748279},{"user_id":445,"date_friended":1509451084130},{"user_id":76,"date_friended":1509442624299},{"user_id":91,"date_friended":1509431424434},{"user_id":57,"date_friended":1491320322155},{"user_id":22,"date_friended":1509427578704},{"user_id":276,"date_friended":1509422842432},{"user_id":200,"date_friended":1509396290936},{"user_id":182,"date_friended":1509410061677},{"user_id":921,"date_friended":1509455808175},{"user_id":917,"date_friended":1509394409389},{"user_id":204,"date_friended":1489334523152},{"user_id":946,"date_friended":1488153633985},{"user_id":439,"date_friended":1509447954421},{"user_id":768,"date_friended":1509427564831},{"user_id":376,"date_friended":1495414787829},{"user_id":552,"date_friended":1509441844145},{"user_id":939,"date_friended":1509413777504},{"user_id":877,"date_friended":1509419364709},{"user_id":980,"date_friended":1507889764685},{"user_id":905,"date_friended":1489421384264},{"user_id":751,"date_friended":1509423598027},{"user_id":945,"date_friended":1509439768088},{"user_id":347,"date_friended":1494018862593},{"user_id":107,"date_friended":1492111653690},{"user_id":106,"date_friended":1496286496478},{"user_id":628,"date_friended":1509394781013},{"user_id":663,"date_friended":1509399994981},{"user_id":756,"date_friended":1509383174652},{"user_id":792,"date_friended":1509376742103},{"user_id":576,"date_friended":1505097453432},{"user_id":416,"date_friended":1509456042215}]}