{"_id":"user_73_friends","doc_type":"user-friends","user_id":73,"friends":[{"user_id":75,"date_friended":1509441848113},{"user_id":986,"date_friended":1509378299859},{"user_id":345,"date_friended":1509389733989},{"user_id":709,"date_friended":1509382720998},{"user_id":284,"date_friended":1509417755077},{"user_id":247,"date_friended":1479735497372},{"user_id":536,"date_friended":1497555568610},{"user_id":266,"date_friended":1509446850025},{"user_id":695,"date_friended":1509383788176},{"user_id":734,"date_friended":1509389162159},{"user_id":983,"date_friended":1509453520934},{"user_id":185,"date_friended":1509388186651},{"user_id":630,"date_friended":1509444178851},{"user_id":674,"date_friended":1509400565838},{"user_id":598,"date_friended":1509379529148},{"user_id":949,"date_friended":1509448033564},{"user_id":753,"date_friended":1509417665221},{"user_id":217,"date_friended":1500692989416},{"user_id":940,"date_friended":1497130155787},{"user_id":836,"date_friended":1509380336958},{"user_id":985,"date_friended":1509415030677},{"user_id":77,"date_friended":1509454188940},{"user_id":801,"date_friended":1509447965999},{"user_id":878,"date_friended":1509442611460},{"user_id":114,"date_friended":1478536781999},{"user_id":595,"date_friended":1509440088367},{"user_id":909,"date_friended":1509415804865},{"user_id":544,"date_friended":1509441087133},{"user_id":534,"date_friended":1501094960262},{"user_id":253,"date_friended":1480100315973},{"user_id":291,"date_friended":1509432571934},{"user_id":365,"date_friended":1509391418875},{"user_id":319,"date_friended":1509457583472},{"user_id":193,"date_friended":1509449736707},{"user_id":508,"date_friended":1509403764558},{"user_id":588,"date_friended":1509429378674},{"user_id":620,"date_friended":1482306426518},{"user_id":437,"date_friended":1509449775788},{"user_id":539,"date_friended":1509398691147},{"user_id":322,"date_friended":1509430634729},{"user_id":305,"date_friended":1481388244459},{"user_id":998,"date_friended":1495742746591},{"user_id":282,"date_friended":1484537623660},{"user_id":568,"date_friended":1509408725785},{"user_id":371,"date_friended":1509440192399},{"user_id":309,"date_friended":1509431370983},{"user_id":426,"date_friended":1509388874244},{"user_id":741,"date_friended":1483650973809},{"user_id":339,"date_friended":1509442940763},{"user_id":701,"date_friended":1509410019898},{"user_id":238,"date_friended":1509377312656},{"user_id":846,"date_friended":1509438241544},{"user_id":277,"date_friended":1509428851577},{"user_id":209,"date_friended":1509378584083},{"user_id":21,"date_friended":1509451676008},{"user_id":934,"date_friended":1499183921619},{"user_id":498,"date_friended":1509190835974},{"user_id":221,"date_friended":1509378201314},{"user_id":633,"date_friended":1509397324462},{"user_id":796,"date_friended":1509391625688},{"user_id":777,"date_friended":1487877395544},{"user_id":186,"date_friended":1509403894722},{"user_id":613,"date_friended":1509425358804},{"user_id":252,"date_friended":1509459198436},{"user_id":582,"date_friended":1509446286413},{"user_id":684,"date_friended":1509451770176},{"user_id":17,"date_friended":1509394267745},{"user_id":103,"date_friended":1509438004083},{"user_id":347,"date_friended":1509377658930},{"user_id":331,"date_friended":1509376088301},{"user_id":86,"date_friended":1509427994672},{"user_id":176,"date_friended":1509439738040}]}