{"_id":"user_74_friends","doc_type":"user-friends","user_id":74,"friends":[{"user_id":114,"date_friended":1480274132349},{"user_id":888,"date_friended":1504342851339},{"user_id":922,"date_friended":1498716589175},{"user_id":980,"date_friended":1509377361348},{"user_id":658,"date_friended":1509416842321},{"user_id":151,"date_friended":1509448888697},{"user_id":911,"date_friended":1509396640167},{"user_id":133,"date_friended":1509406307137},{"user_id":144,"date_friended":1509432162045},{"user_id":872,"date_friended":1509441197706},{"user_id":153,"date_friended":1509427258139},{"user_id":33,"date_friended":1509424961875},{"user_id":314,"date_friended":1509435255537},{"user_id":296,"date_friended":1509391320140},{"user_id":885,"date_friended":1509404129058},{"user_id":630,"date_friended":1509428917125},{"user_id":993,"date_friended":1509451718187},{"user_id":377,"date_friended":1509437428861},{"user_id":190,"date_friended":1497594564289},{"user_id":514,"date_friended":1509436835811},{"user_id":782,"date_friended":1509410462798},{"user_id":756,"date_friended":1487831779575},{"user_id":290,"date_friended":1509438554757},{"user_id":219,"date_friended":1509409223285},{"user_id":723,"date_friended":1496157482888},{"user_id":966,"date_friended":1509407245759},{"user_id":957,"date_friended":1503981654685},{"user_id":840,"date_friended":1509386168979},{"user_id":725,"date_friended":1509459501638},{"user_id":188,"date_friended":1505346214227},{"user_id":331,"date_friended":1509434821453},{"user_id":652,"date_friended":1509388366998},{"user_id":400,"date_friended":1509446955052},{"user_id":75,"date_friended":1493651508372},{"user_id":810,"date_friended":1509394899703},{"user_id":208,"date_friended":1493742115291},{"user_id":312,"date_friended":1509379899229},{"user_id":54,"date_friended":1509396377575},{"user_id":806,"date_friended":1509444050594},{"user_id":357,"date_friended":1509431622418},{"user_id":683,"date_friended":1483917273529},{"user_id":859,"date_friended":1509453794163},{"user_id":70,"date_friended":1509376545368},{"user_id":845,"date_friended":1509452190114},{"user_id":39,"date_friended":1509397612224},{"user_id":535,"date_friended":1509398309827},{"user_id":789,"date_friended":1489066433807},{"user_id":781,"date_friended":1509424667908},{"user_id":97,"date_friended":1509416108174},{"user_id":918,"date_friended":1505483338597},{"user_id":547,"date_friended":1509423143081},{"user_id":9,"date_friended":1493983720712},{"user_id":419,"date_friended":1509404530865},{"user_id":432,"date_friended":1496304517625},{"user_id":917,"date_friended":1509417715641},{"user_id":854,"date_friended":1509376315325},{"user_id":196,"date_friended":1509388552311},{"user_id":115,"date_friended":1500578252758},{"user_id":166,"date_friended":1479359881336},{"user_id":905,"date_friended":1509390442670},{"user_id":496,"date_friended":1509395851763},{"user_id":505,"date_friended":1497358003984},{"user_id":123,"date_friended":1509409550419},{"user_id":239,"date_friended":1509374865998},{"user_id":277,"date_friended":1509453707545},{"user_id":640,"date_friended":1509416588499},{"user_id":135,"date_friended":1508215319336},{"user_id":871,"date_friended":1481531839514},{"user_id":164,"date_friended":1509408902913}]}