{"_id":"user_678_friends","doc_type":"user-friends","user_id":678,"friends":[{"user_id":929,"date_friended":1509437271814},{"user_id":81,"date_friended":1509418727128},{"user_id":316,"date_friended":1490500094844},{"user_id":253,"date_friended":1509403699050},{"user_id":562,"date_friended":1509422921030},{"user_id":5,"date_friended":1509398448343},{"user_id":840,"date_friended":1509392098272},{"user_id":472,"date_friended":1509382711515},{"user_id":764,"date_friended":1509447727736},{"user_id":715,"date_friended":1494023636177},{"user_id":160,"date_friended":1509410161662},{"user_id":360,"date_friended":1509433577788},{"user_id":72,"date_friended":1509407904819},{"user_id":497,"date_friended":1509395740526},{"user_id":733,"date_friended":1506836451482},{"user_id":96,"date_friended":1509398657602},{"user_id":616,"date_friended":1509413945110},{"user_id":666,"date_friended":1508919869719},{"user_id":541,"date_friended":1509390136420},{"user_id":128,"date_friended":1509428658063},{"user_id":75,"date_friended":1487983659541},{"user_id":513,"date_friended":1509436117823},{"user_id":95,"date_friended":1509382769583},{"user_id":84,"date_friended":1509419013207},{"user_id":267,"date_friended":1509453875507},{"user_id":831,"date_friended":1509377551293},{"user_id":66,"date_friended":1509397015969},{"user_id":700,"date_friended":1509457245363},{"user_id":958,"date_friended":1509145542635},{"user_id":139,"date_friended":1509423311699},{"user_id":674,"date_friended":1509386521954},{"user_id":13,"date_friended":1509405581041},{"user_id":687,"date_friended":1509405539123},{"user_id":92,"date_friended":1484126263649},{"user_id":453,"date_friended":1505747827996},{"user_id":362,"date_friended":1486182783920},{"user_id":468,"date_friended":1488846726622},{"user_id":952,"date_friended":1509420717400},{"user_id":3,"date_friended":1509434216201},{"user_id":712,"date_friended":1509378728537},{"user_id":130,"date_friended":1509375279161},{"user_id":753,"date_friended":1509396800156},{"user_id":629,"date_friended":1494435835667},{"user_id":561,"date_friended":1509431840403},{"user_id":217,"date_friended":1509415409802},{"user_id":516,"date_friended":1509458058308},{"user_id":965,"date_friended":1488299974466},{"user_id":483,"date_friended":1509411469152},{"user_id":524,"date_friended":1509408536757},{"user_id":16,"date_friended":1509426120502},{"user_id":620,"date_friended":1486327543283},{"user_id":421,"date_friended":1509383057800},{"user_id":346,"date_friended":1486417968562},{"user_id":505,"date_friended":1509401360469},{"user_id":108,"date_friended":1509424015235},{"user_id":860,"date_friended":1509424466018},{"user_id":927,"date_friended":1509391363706},{"user_id":982,"date_friended":1509402984733},{"user_id":467,"date_friended":1509410429332},{"user_id":140,"date_friended":1486590940604},{"user_id":198,"date_friended":1485685763297},{"user_id":797,"date_friended":1506238542825},{"user_id":844,"date_friended":1509386656004},{"user_id":871,"date_friended":1509396002366},{"user_id":495,"date_friended":1507885945360},{"user_id":40,"date_friended":1497808562856},{"user_id":33,"date_friended":1491452933776},{"user_id":789,"date_friended":1509375782377},{"user_id":9,"date_friended":1509406675741},{"user_id":584,"date_friended":1509389106617},{"user_id":205,"date_friended":1505709704009},{"user_id":400,"date_friended":1509427237920},{"user_id":291,"date_friended":1509438551900},{"user_id":220,"date_friended":1509444394319},{"user_id":299,"date_friended":1509386100584},{"user_id":913,"date_friended":1509415474182},{"user_id":317,"date_friended":1509459440163},{"user_id":819,"date_friended":1509389637462},{"user_id":452,"date_friended":1509386769294},{"user_id":630,"date_friended":1509380833993},{"user_id":638,"date_friended":1478639353076},{"user_id":780,"date_friended":1509433303986},{"user_id":812,"date_friended":1509456783101},{"user_id":93,"date_friended":1509400327919},{"user_id":719,"date_friended":1509384868650},{"user_id":158,"date_friended":1509406490128},{"user_id":996,"date_friended":1509404279509},{"user_id":603,"date_friended":1499704173596},{"user_id":364,"date_friended":1503323861653},{"user_id":258,"date_friended":1509445275364},{"user_id":870,"date_friended":1509376151743},{"user_id":617,"date_friended":1509392130949},{"user_id":622,"date_friended":1509375247932},{"user_id":375,"date_friended":1488814135787},{"user_id":741,"date_friended":1509387388075},{"user_id":555,"date_friended":1509402013786},{"user_id":746,"date_friended":1509413941925},{"user_id":379,"date_friended":1496822227621},{"user_id":972,"date_friended":1509450431108},{"user_id":155,"date_friended":1504905286535},{"user_id":668,"date_friended":1509417538062},{"user_id":955,"date_friended":1509373387803},{"user_id":275,"date_friended":1509401144452},{"user_id":408,"date_friended":1509380550170},{"user_id":703,"date_friended":1509423513619},{"user_id":531,"date_friended":1497954491622},{"user_id":734,"date_friended":1497014129535},{"user_id":545,"date_friended":1509400760268},{"user_id":109,"date_friended":1509442327159},{"user_id":269,"date_friended":1487395017656},{"user_id":162,"date_friended":1509440890140},{"user_id":142,"date_friended":1503251231293},{"user_id":800,"date_friended":1509437063979},{"user_id":111,"date_friended":1509439118950},{"user_id":231,"date_friended":1509413943126},{"user_id":36,"date_friended":1503834196413},{"user_id":419,"date_friended":1509455587850},{"user_id":17,"date_friended":1479022028421},{"user_id":163,"date_friended":1509405593981},{"user_id":318,"date_friended":1509394358897},{"user_id":552,"date_friended":1509423150171},{"user_id":693,"date_friended":1507401421444},{"user_id":191,"date_friended":1509418759722},{"user_id":579,"date_friended":1495446450113},{"user_id":968,"date_friended":1509424773053},{"user_id":988,"date_friended":1509374172504},{"user_id":302,"date_friended":1509413988333},{"user_id":956,"date_friended":1496499631088},{"user_id":744,"date_friended":1509406657983},{"user_id":864,"date_friended":1509449858528},{"user_id":875,"date_friended":1509394634503},{"user_id":936,"date_friended":1509406332694},{"user_id":879,"date_friended":1509419158534},{"user_id":836,"date_friended":1491945678452},{"user_id":642,"date_friended":1509419348112},{"user_id":333,"date_friended":1509441232443},{"user_id":615,"date_friended":1505913304869},{"user_id":4,"date_friended":1509415880356},{"user_id":397,"date_friended":1483300918022},{"user_id":862,"date_friended":1509418690726},{"user_id":752,"date_friended":1509436033798}]}