{"_id":"user_687_friends","doc_type":"user-friends","user_id":687,"friends":[{"user_id":144,"date_friended":1509389344635},{"user_id":888,"date_friended":1500379348105},{"user_id":840,"date_friended":1509444797199},{"user_id":257,"date_friended":1509411335728},{"user_id":776,"date_friended":1509381511093},{"user_id":365,"date_friended":1509415833071},{"user_id":362,"date_friended":1495756940728},{"user_id":438,"date_friended":1509423961691},{"user_id":544,"date_friended":1509376446107},{"user_id":793,"date_friended":1485990904903},{"user_id":794,"date_friended":1509418756939},{"user_id":111,"date_friended":1504255119485},{"user_id":822,"date_friended":1509413738924},{"user_id":492,"date_friended":1481066525884},{"user_id":198,"date_friended":1503340260964},{"user_id":882,"date_friended":1509440708918},{"user_id":550,"date_friended":1509392478807},{"user_id":612,"date_friended":1509455032399},{"user_id":971,"date_friended":1509380468361},{"user_id":593,"date_friended":1499525075788},{"user_id":159,"date_friended":1509387191816},{"user_id":361,"date_friended":1494949780410},{"user_id":694,"date_friended":1479037767123},{"user_id":677,"date_friended":1509380291306},{"user_id":702,"date_friended":1509406063691},{"user_id":102,"date_friended":1509433812754},{"user_id":925,"date_friended":1509447795969},{"user_id":68,"date_friended":1509423933004},{"user_id":987,"date_friended":1509403630216},{"user_id":155,"date_friended":1509397059017},{"user_id":904,"date_friended":1502632259744},{"user_id":93,"date_friended":1509389429611},{"user_id":824,"date_friended":1509394194756},{"user_id":784,"date_friended":1509373411660},{"user_id":674,"date_friended":1509374192438},{"user_id":905,"date_friended":1508940760378},{"user_id":416,"date_friended":1509398271689},{"user_id":248,"date_friended":1509395102012},{"user_id":596,"date_friended":1509440754896},{"user_id":205,"date_friended":1509395169588},{"user_id":47,"date_friended":1509394571015},{"user_id":148,"date_friended":1509418166329},{"user_id":525,"date_friended":1509385741800},{"user_id":250,"date_friended":1509376922768},{"user_id":129,"date_friended":1509399551828},{"user_id":173,"date_friended":1509397479238},{"user_id":313,"date_friended":1486068495697},{"user_id":707,"date_friended":1509375190840},{"user_id":457,"date_friended":1509443938116},{"user_id":903,"date_friended":1509404331303},{"user_id":519,"date_friended":1509430498065},{"user_id":112,"date_friended":1509395955175},{"user_id":688,"date_friended":1504136237380},{"user_id":782,"date_friended":1509437159124},{"user_id":259,"date_friended":1509398182318},{"user_id":728,"date_friended":1509414948521},{"user_id":673,"date_friended":1509435245086},{"user_id":425,"date_friended":1509453819785},{"user_id":341,"date_friended":1509427751830},{"user_id":503,"date_friended":1501681984984},{"user_id":31,"date_friended":1509395925883},{"user_id":939,"date_friended":1498410062169},{"user_id":151,"date_friended":1490510032082},{"user_id":934,"date_friended":1509419601116},{"user_id":941,"date_friended":1509457730269},{"user_id":590,"date_friended":1509390908534},{"user_id":369,"date_friended":1509457454186},{"user_id":893,"date_friended":1509453030381},{"user_id":738,"date_friended":1492568985570},{"user_id":153,"date_friended":1509437657274},{"user_id":13,"date_friended":1509374899875},{"user_id":300,"date_friended":1509411928775},{"user_id":743,"date_friended":1509384268344},{"user_id":271,"date_friended":1509457703860},{"user_id":72,"date_friended":1509414565296},{"user_id":206,"date_friended":1509408988860},{"user_id":532,"date_friended":1509424316379},{"user_id":649,"date_friended":1509379997439},{"user_id":851,"date_friended":1497741478149},{"user_id":433,"date_friended":1509441402003},{"user_id":865,"date_friended":1509378469780},{"user_id":717,"date_friended":1488981943960},{"user_id":128,"date_friended":1509452915708},{"user_id":803,"date_friended":1479637233832},{"user_id":262,"date_friended":1483424530024},{"user_id":522,"date_friended":1507405307285},{"user_id":107,"date_friended":1500343138938},{"user_id":17,"date_friended":1509452853630},{"user_id":740,"date_friended":1509455890132},{"user_id":899,"date_friended":1505109756265},{"user_id":88,"date_friended":1509397903185},{"user_id":626,"date_friended":1499417349626},{"user_id":377,"date_friended":1509376544182},{"user_id":800,"date_friended":1499869963229},{"user_id":808,"date_friended":1509453168840},{"user_id":165,"date_friended":1482494494142},{"user_id":46,"date_friended":1509424102169},{"user_id":228,"date_friended":1509432279641},{"user_id":178,"date_friended":1509389213441},{"user_id":592,"date_friended":1489657968226},{"user_id":363,"date_friended":1509376654009},{"user_id":700,"date_friended":1509400827246},{"user_id":145,"date_friended":1509396824957},{"user_id":523,"date_friended":1494678358558},{"user_id":474,"date_friended":1485949895391},{"user_id":844,"date_friended":1509398598995},{"user_id":4,"date_friended":1509388603414},{"user_id":875,"date_friended":1509439451507},{"user_id":799,"date_friended":1509376852694},{"user_id":623,"date_friended":1509440249747},{"user_id":713,"date_friended":1509411218996},{"user_id":468,"date_friended":1509412399359},{"user_id":651,"date_friended":1509451867198},{"user_id":476,"date_friended":1509450644299},{"user_id":346,"date_friended":1495914302237},{"user_id":864,"date_friended":1498345807092},{"user_id":385,"date_friended":1509392251090},{"user_id":104,"date_friended":1509409246537},{"user_id":500,"date_friended":1509429325096},{"user_id":617,"date_friended":1509400875116},{"user_id":767,"date_friended":1509392700583},{"user_id":862,"date_friended":1489943320659},{"user_id":853,"date_friended":1499188583610},{"user_id":983,"date_friended":1509394309221},{"user_id":9,"date_friended":1509412523953},{"user_id":441,"date_friended":1480167715109},{"user_id":27,"date_friended":1509409943099},{"user_id":493,"date_friended":1502551006900},{"user_id":769,"date_friended":1509425974015},{"user_id":333,"date_friended":1492363479223},{"user_id":356,"date_friended":1484440860305},{"user_id":489,"date_friended":1509457104549},{"user_id":191,"date_friended":1509381239092},{"user_id":437,"date_friended":1509444459319},{"user_id":34,"date_friended":1500005231359},{"user_id":202,"date_friended":1509454605710},{"user_id":959,"date_friended":1487098434676},{"user_id":715,"date_friended":1502926223869},{"user_id":434,"date_friended":1509423798996},{"user_id":672,"date_friended":1488669869590}]}