{"_id":"user_109_friends","doc_type":"user-friends","user_id":109,"friends":[{"user_id":258,"date_friended":1509427717511},{"user_id":11,"date_friended":1478531413136},{"user_id":345,"date_friended":1509429288076},{"user_id":788,"date_friended":1509418969423},{"user_id":823,"date_friended":1509457652022},{"user_id":381,"date_friended":1509423340533},{"user_id":77,"date_friended":1509410117459},{"user_id":668,"date_friended":1505353782667},{"user_id":197,"date_friended":1509424624863},{"user_id":795,"date_friended":1507863351404},{"user_id":764,"date_friended":1504826933344},{"user_id":261,"date_friended":1509422431930},{"user_id":975,"date_friended":1509450764727},{"user_id":156,"date_friended":1509383398339},{"user_id":300,"date_friended":1509418235008},{"user_id":360,"date_friended":1509407132879},{"user_id":713,"date_friended":1500196965838},{"user_id":26,"date_friended":1478507855808},{"user_id":834,"date_friended":1509447068395},{"user_id":474,"date_friended":1509448404546},{"user_id":579,"date_friended":1509374812124},{"user_id":925,"date_friended":1509394272437},{"user_id":725,"date_friended":1509432571139},{"user_id":412,"date_friended":1507120348314},{"user_id":210,"date_friended":1509410673487},{"user_id":171,"date_friended":1509421849280},{"user_id":341,"date_friended":1504493644675},{"user_id":905,"date_friended":1495878454202},{"user_id":770,"date_friended":1509406865759},{"user_id":467,"date_friended":1509406624892},{"user_id":59,"date_friended":1509404147624},{"user_id":954,"date_friended":1509410035464},{"user_id":870,"date_friended":1509456825954},{"user_id":439,"date_friended":1509444243366},{"user_id":4,"date_friended":1500403013235},{"user_id":809,"date_friended":1509443043326},{"user_id":863,"date_friended":1509382646829},{"user_id":528,"date_friended":1501014896014},{"user_id":879,"date_friended":1503940015505},{"user_id":445,"date_friended":1509397213838},{"user_id":29,"date_friended":1509433290561},{"user_id":777,"date_friended":1509401694083},{"user_id":873,"date_friended":1509375879878},{"user_id":195,"date_friended":1505097331946},{"user_id":701,"date_friended":1509379486964},{"user_id":759,"date_friended":1509414055542},{"user_id":463,"date_friended":1509450264669},{"user_id":821,"date_friended":1509379623986},{"user_id":163,"date_friended":1509381324246},{"user_id":613,"date_friended":1509446995159},{"user_id":616,"date_friended":1507203826861},{"user_id":628,"date_friended":1509413819859},{"user_id":36,"date_friended":1509391696189},{"user_id":706,"date_friended":1493899823500},{"user_id":934,"date_friended":1501862148423},{"user_id":782,"date_friended":1509401112039},{"user_id":386,"date_friended":1509393931508},{"user_id":655,"date_friended":1509434275284},{"user_id":794,"date_friended":1509440655436},{"user_id":385,"date_friended":1505013132038},{"user_id":926,"date_friended":1509432722801},{"user_id":647,"date_friended":1504639789350},{"user_id":446,"date_friended":1509424418259},{"user_id":623,"date_friended":1509456015314},{"user_id":243,"date_friended":1509392078603},{"user_id":437,"date_friended":1509433314184},{"user_id":204,"date_friended":1509392989609},{"user_id":66,"date_friended":1509383138732},{"user_id":255,"date_friended":1509421966086},{"user_id":340,"date_friended":1509415793152},{"user_id":981,"date_friended":1509419736565},{"user_id":769,"date_friended":1496868469133},{"user_id":132,"date_friended":1509385681563},{"user_id":617,"date_friended":1507995475419},{"user_id":339,"date_friended":1509401825831},{"user_id":658,"date_friended":1489718387598},{"user_id":927,"date_friended":1509419663185},{"user_id":34,"date_friended":1509427520167},{"user_id":707,"date_friended":1509418158575},{"user_id":923,"date_friended":1509399335488},{"user_id":285,"date_friended":1509394040444},{"user_id":414,"date_friended":1509417550500},{"user_id":413,"date_friended":1509386499970},{"user_id":297,"date_friended":1509435004370},{"user_id":12,"date_friended":1509431122102},{"user_id":737,"date_friended":1509401067811},{"user_id":334,"date_friended":1509408318195},{"user_id":563,"date_friended":1509421613194},{"user_id":651,"date_friended":1509374777479},{"user_id":311,"date_friended":1509378732965},{"user_id":776,"date_friended":1509406742575},{"user_id":291,"date_friended":1509424991765},{"user_id":872,"date_friended":1509422591878},{"user_id":459,"date_friended":1509390396121},{"user_id":350,"date_friended":1509386311556},{"user_id":678,"date_friended":1498272276307},{"user_id":951,"date_friended":1490209513873},{"user_id":778,"date_friended":1509420624888},{"user_id":371,"date_friended":1509374585711},{"user_id":24,"date_friended":1509409138985},{"user_id":497,"date_friended":1509401393083},{"user_id":234,"date_friended":1509398902135},{"user_id":810,"date_friended":1490129173311},{"user_id":968,"date_friended":1509402612417},{"user_id":512,"date_friended":1509415922973},{"user_id":33,"date_friended":1496964659075},{"user_id":368,"date_friended":1493152783861},{"user_id":717,"date_friended":1509389447959},{"user_id":857,"date_friended":1509410999306},{"user_id":982,"date_friended":1509446543489},{"user_id":38,"date_friended":1509450313468},{"user_id":240,"date_friended":1509383569744},{"user_id":695,"date_friended":1509382042888},{"user_id":370,"date_friended":1509455704343},{"user_id":154,"date_friended":1509436160010},{"user_id":162,"date_friended":1509456818302},{"user_id":758,"date_friended":1509417071039},{"user_id":752,"date_friended":1487934100178},{"user_id":780,"date_friended":1509449188395},{"user_id":269,"date_friended":1509376398828},{"user_id":114,"date_friended":1478705690589},{"user_id":838,"date_friended":1509425468713},{"user_id":430,"date_friended":1509414255880},{"user_id":401,"date_friended":1509399098422},{"user_id":116,"date_friended":1505867748839},{"user_id":599,"date_friended":1480889967461},{"user_id":74,"date_friended":1509433011232},{"user_id":256,"date_friended":1493661173081},{"user_id":639,"date_friended":1509400839159},{"user_id":779,"date_friended":1482531069936},{"user_id":609,"date_friended":1509380758342},{"user_id":882,"date_friended":1477933145099},{"user_id":1,"date_friended":1509381987865},{"user_id":511,"date_friended":1509442964843},{"user_id":362,"date_friended":1509383235669},{"user_id":68,"date_friended":1487364486517},{"user_id":920,"date_friended":1509454857520},{"user_id":744,"date_friended":1509406894749},{"user_id":787,"date_friended":1509387158237},{"user_id":76,"date_friended":1509440209387},{"user_id":271,"date_friended":1501499162670},{"user_id":491,"date_friended":1478425210538},{"user_id":242,"date_friended":1509436455010},{"user_id":356,"date_friended":1484180968261},{"user_id":584,"date_friended":1509389369835},{"user_id":850,"date_friended":1509383991068},{"user_id":942,"date_friended":1509423756427},{"user_id":111,"date_friended":1509412631246},{"user_id":7,"date_friended":1485982440274},{"user_id":268,"date_friended":1509415691635},{"user_id":773,"date_friended":1509373540686},{"user_id":938,"date_friended":1509422102852},{"user_id":462,"date_friended":1509396151501},{"user_id":818,"date_friended":1509442865575},{"user_id":641,"date_friended":1509410380027},{"user_id":754,"date_friended":1500366568702},{"user_id":298,"date_friended":1509452799860},{"user_id":859,"date_friended":1494842544837},{"user_id":929,"date_friended":1509421739337},{"user_id":367,"date_friended":1509428658696},{"user_id":178,"date_friended":1509451895512}]}