{"_id":"user_21_friends","doc_type":"user-friends","user_id":21,"friends":[{"user_id":901,"date_friended":1509457747975},{"user_id":259,"date_friended":1509422656154},{"user_id":356,"date_friended":1509399870931},{"user_id":773,"date_friended":1509442447501},{"user_id":673,"date_friended":1509430111587},{"user_id":93,"date_friended":1509397991693},{"user_id":541,"date_friended":1509435489363},{"user_id":85,"date_friended":1500013876421},{"user_id":940,"date_friended":1509374467383},{"user_id":648,"date_friended":1509394873492},{"user_id":161,"date_friended":1509395768385},{"user_id":881,"date_friended":1509458845278},{"user_id":825,"date_friended":1491188002966},{"user_id":67,"date_friended":1509381274256},{"user_id":584,"date_friended":1509444665358},{"user_id":931,"date_friended":1509379680985},{"user_id":784,"date_friended":1509433037361},{"user_id":912,"date_friended":1509404725551},{"user_id":285,"date_friended":1509454456695},{"user_id":211,"date_friended":1509422675718},{"user_id":837,"date_friended":1486662617610},{"user_id":98,"date_friended":1485058224242},{"user_id":519,"date_friended":1492810754360},{"user_id":79,"date_friended":1509404267293},{"user_id":518,"date_friended":1509419641306},{"user_id":521,"date_friended":1509413425970},{"user_id":536,"date_friended":1509401174097},{"user_id":324,"date_friended":1509450895704},{"user_id":984,"date_friended":1509442015678},{"user_id":692,"date_friended":1509455667436},{"user_id":448,"date_friended":1509419537628},{"user_id":222,"date_friended":1509444459904},{"user_id":608,"date_friended":1509456656452},{"user_id":9,"date_friended":1495038520676},{"user_id":601,"date_friended":1509391979855},{"user_id":997,"date_friended":1509430207636},{"user_id":205,"date_friended":1509383042641},{"user_id":329,"date_friended":1509439215800},{"user_id":382,"date_friended":1492369186269},{"user_id":31,"date_friended":1509450270288},{"user_id":267,"date_friended":1509450135993},{"user_id":730,"date_friended":1509398277115},{"user_id":725,"date_friended":1484436360358},{"user_id":421,"date_friended":1480941372692},{"user_id":714,"date_friended":1509420879592},{"user_id":777,"date_friended":1509407900045}]}