{"_id":"user_680_friends","doc_type":"user-friends","user_id":680,"friends":[{"user_id":181,"date_friended":1479390408700},{"user_id":290,"date_friended":1480857218995},{"user_id":108,"date_friended":1509435386753},{"user_id":526,"date_friended":1483636934777},{"user_id":846,"date_friended":1496226971782},{"user_id":685,"date_friended":1509420791117},{"user_id":698,"date_friended":1509408373486},{"user_id":392,"date_friended":1501306229626},{"user_id":396,"date_friended":1509453493521},{"user_id":162,"date_friended":1509392517768},{"user_id":565,"date_friended":1509410608961},{"user_id":777,"date_friended":1509451738963},{"user_id":475,"date_friended":1509433231571},{"user_id":903,"date_friended":1497062165703},{"user_id":152,"date_friended":1509413906116},{"user_id":331,"date_friended":1509419047893},{"user_id":795,"date_friended":1481610944964},{"user_id":620,"date_friended":1509423495890},{"user_id":645,"date_friended":1503476352255},{"user_id":386,"date_friended":1509401630222},{"user_id":201,"date_friended":1509432526007},{"user_id":714,"date_friended":1509380281034},{"user_id":618,"date_friended":1509439021704},{"user_id":170,"date_friended":1501428255311},{"user_id":187,"date_friended":1498505742116},{"user_id":683,"date_friended":1509378344250},{"user_id":45,"date_friended":1482050777748},{"user_id":797,"date_friended":1509392103607},{"user_id":92,"date_friended":1509427640179},{"user_id":943,"date_friended":1509382933027},{"user_id":375,"date_friended":1509452386657},{"user_id":507,"date_friended":1491110407618},{"user_id":458,"date_friended":1509390068396},{"user_id":703,"date_friended":1480440669441},{"user_id":622,"date_friended":1482005559459},{"user_id":473,"date_friended":1509426363363},{"user_id":62,"date_friended":1509378139408},{"user_id":126,"date_friended":1509414155296},{"user_id":821,"date_friended":1509386376348},{"user_id":713,"date_friended":1509389969235},{"user_id":881,"date_friended":1509389747741},{"user_id":461,"date_friended":1509446142260},{"user_id":252,"date_friended":1509425831826},{"user_id":709,"date_friended":1490436367323},{"user_id":556,"date_friended":1502965554042},{"user_id":624,"date_friended":1496788175988},{"user_id":383,"date_friended":1509440035768},{"user_id":2,"date_friended":1509409524369},{"user_id":38,"date_friended":1509453521995},{"user_id":508,"date_friended":1509385297538},{"user_id":22,"date_friended":1486225255738},{"user_id":481,"date_friended":1489901855979},{"user_id":834,"date_friended":1509424996408},{"user_id":756,"date_friended":1509438150066},{"user_id":944,"date_friended":1490720292827},{"user_id":367,"date_friended":1504723828522},{"user_id":133,"date_friended":1509448267031},{"user_id":389,"date_friended":1509417731911},{"user_id":928,"date_friended":1479252649370},{"user_id":525,"date_friended":1509397653275},{"user_id":550,"date_friended":1509407117674},{"user_id":404,"date_friended":1509457008287},{"user_id":538,"date_friended":1490152540870},{"user_id":259,"date_friended":1509444431830},{"user_id":56,"date_friended":1485440121026},{"user_id":210,"date_friended":1509458874202},{"user_id":849,"date_friended":1509394784208},{"user_id":960,"date_friended":1509444238961},{"user_id":950,"date_friended":1509447049254},{"user_id":825,"date_friended":1509419347647},{"user_id":222,"date_friended":1509427488313},{"user_id":639,"date_friended":1509421909042},{"user_id":865,"date_friended":1509420084817},{"user_id":664,"date_friended":1484590282880},{"user_id":218,"date_friended":1509408363563},{"user_id":602,"date_friended":1484085786634},{"user_id":521,"date_friended":1509388152550},{"user_id":320,"date_friended":1509449655787},{"user_id":425,"date_friended":1504653005405},{"user_id":483,"date_friended":1509380724225},{"user_id":813,"date_friended":1509381160266},{"user_id":592,"date_friended":1509434878432},{"user_id":362,"date_friended":1509431792824},{"user_id":497,"date_friended":1509425385128},{"user_id":58,"date_friended":1509453092931},{"user_id":633,"date_friended":1509392995726},{"user_id":60,"date_friended":1509386828478},{"user_id":298,"date_friended":1509389083380},{"user_id":206,"date_friended":1509431152743},{"user_id":466,"date_friended":1485811416825},{"user_id":469,"date_friended":1509420307994},{"user_id":855,"date_friended":1503539181359},{"user_id":667,"date_friended":1509423966670},{"user_id":744,"date_friended":1509384826128},{"user_id":862,"date_friended":1509441646229},{"user_id":368,"date_friended":1509401339993},{"user_id":542,"date_friended":1509449395077},{"user_id":603,"date_friended":1509418627157},{"user_id":910,"date_friended":1509449962131},{"user_id":656,"date_friended":1509388139214},{"user_id":356,"date_friended":1491121900782},{"user_id":947,"date_friended":1479357954519},{"user_id":789,"date_friended":1483581043531},{"user_id":761,"date_friended":1498301557671},{"user_id":314,"date_friended":1509454482071},{"user_id":188,"date_friended":1509408117212},{"user_id":870,"date_friended":1500268014503},{"user_id":705,"date_friended":1509453757843},{"user_id":21,"date_friended":1509413912612},{"user_id":966,"date_friended":1509425839550},{"user_id":847,"date_friended":1509439019209},{"user_id":874,"date_friended":1501061396276},{"user_id":269,"date_friended":1509411115076},{"user_id":19,"date_friended":1509410543031},{"user_id":30,"date_friended":1509404291335},{"user_id":482,"date_friended":1509441736094},{"user_id":534,"date_friended":1489747337798},{"user_id":824,"date_friended":1509383571125},{"user_id":145,"date_friended":1509375403186},{"user_id":762,"date_friended":1509375080916},{"user_id":223,"date_friended":1505221613937},{"user_id":921,"date_friended":1502328403628},{"user_id":79,"date_friended":1509404947723},{"user_id":959,"date_friended":1509429967376}]}